country,country_url
Afghanistan,https://openaq.org/#/locations?parameters=pm25&countries=AF&_k=a1wo7p
Algeria,https://openaq.org/#/locations?parameters=pm25&countries=DZ&_k=arrtcm
Andorra,https://openaq.org/#/locations?parameters=pm25&countries=AD&_k=b6hp01
Antigua and Barbuda,https://openaq.org/#/locations?parameters=pm25&countries=AG&_k=itvocn
Argentina,https://openaq.org/#/locations?parameters=pm25&countries=AR&_k=n01ovg
Australia,https://openaq.org/#/locations?parameters=pm25&countries=AU&_k=76imji
Austria,https://openaq.org/#/locations?parameters=pm25&countries=AT&_k=y31mhy
Bahrain,https://openaq.org/#/locations?parameters=pm25&countries=BH&_k=0qb4hc
Bangladesh,https://openaq.org/#/locations?parameters=pm25&countries=BD&_k=88m0zg
Belgium,https://openaq.org/#/locations?parameters=pm25&countries=BE&_k=2bnu6z
Bermuda,https://openaq.org/#/locations?parameters=pm25&countries=BM&_k=1xmvp3
Bosnia and Herzegovina,https://openaq.org/#/locations?parameters=pm25&countries=BA&_k=aonjmk
Brazil,https://openaq.org/#/locations?parameters=pm25&countries=BR&_k=q49h9x
Bulgaria,https://openaq.org/#/locations?parameters=pm25&countries=BG&_k=9ofam3
Canada,https://openaq.org/#/locations?parameters=pm25&countries=CA&_k=atte4k
Chile,https://openaq.org/#/locations?parameters=pm25&countries=CL&_k=h9jl6s
China,https://openaq.org/#/locations?parameters=pm25&countries=CN&_k=sawfmu
Colombia,https://openaq.org/#/locations?parameters=pm25&countries=CO&_k=382bhk
Costa Rica,https://openaq.org/#/locations?parameters=pm25&countries=CR&_k=he3ug6
Croatia,https://openaq.org/#/locations?parameters=pm25&countries=HR&_k=pzkxdz
Curaçao,https://openaq.org/#/locations?parameters=pm25&countries=CW&_k=9ms83c
Cyprus,https://openaq.org/#/locations?parameters=pm25&countries=CY&_k=8fixmz
Czech Republic,https://openaq.org/#/locations?parameters=pm25&countries=CZ&_k=vf641k
Côte d'Ivoire,https://openaq.org/#/locations?parameters=pm25&countries=CI&_k=693g0l
Denmark,https://openaq.org/#/locations?parameters=pm25&countries=DK&_k=8pc5a0
Estonia,https://openaq.org/#/locations?parameters=pm25&countries=EE&_k=8k1zil
Ethiopia,https://openaq.org/#/locations?parameters=pm25&countries=ET&_k=4tw26o
Finland,https://openaq.org/#/locations?parameters=pm25&countries=FI&_k=ryg8hn
France,https://openaq.org/#/locations?parameters=pm25&countries=FR&_k=r7ect4
Germany,https://openaq.org/#/locations?parameters=pm25&countries=DE&_k=8krk0b
Ghana,https://openaq.org/#/locations?parameters=pm25&countries=GH&_k=ensnho
Gibraltar,https://openaq.org/#/locations?parameters=pm25&countries=GI&_k=iwr00o
Greece,https://openaq.org/#/locations?parameters=pm25&countries=GR&_k=xi9z4d
Guatemala,https://openaq.org/#/locations?parameters=pm25&countries=GT&_k=bf7h0a
Guinea,https://openaq.org/#/locations?parameters=pm25&countries=GN&_k=fn6exn
Hong Kong,https://openaq.org/#/locations?parameters=pm25&countries=HK&_k=wt8d6f
Hungary,https://openaq.org/#/locations?parameters=pm25&countries=HU&_k=kblu3d
Iceland,https://openaq.org/#/locations?parameters=pm25&countries=IS&_k=ndof5j
India,https://openaq.org/#/locations?parameters=pm25&countries=IN&_k=4wc5i2
Indonesia,https://openaq.org/#/locations?parameters=pm25&countries=ID&_k=c353nr
Iraq,https://openaq.org/#/locations?parameters=pm25&countries=IQ&_k=06ugfr
Ireland,https://openaq.org/#/locations?parameters=pm25&countries=IE&_k=zcqgu6
Israel,https://openaq.org/#/locations?parameters=pm25&countries=IL&_k=ttji8r
Italy,https://openaq.org/#/locations?parameters=pm25&countries=IT&_k=iyrlwd
Jordan,https://openaq.org/#/locations?parameters=pm25&countries=JO&_k=tzdvux
Kazakhstan,https://openaq.org/#/locations?parameters=pm25&countries=KZ&_k=n1m6xg
Kenya,https://openaq.org/#/locations?parameters=pm25&countries=KE&_k=lpp8kd
Kosovo,https://openaq.org/#/locations?parameters=pm25&countries=XK&_k=tn2odk
Kuwait,https://openaq.org/#/locations?parameters=pm25&countries=KW&_k=2d7jow
Kyrgyzstan,https://openaq.org/#/locations?parameters=pm25&countries=KG&_k=f7irgg
Lao People's Democratic Republic,https://openaq.org/#/locations?parameters=pm25&countries=LA&_k=av1plz
Latvia,https://openaq.org/#/locations?parameters=pm25&countries=LV&_k=rldm2w
Lithuania,https://openaq.org/#/locations?parameters=pm25&countries=LT&_k=56pprg
Luxembourg,https://openaq.org/#/locations?parameters=pm25&countries=LU&_k=1h1qqi
"Macedonia, the Former Yugoslav Republic of",https://openaq.org/#/locations?parameters=pm25&countries=MK&_k=gr8o88
Madagascar,https://openaq.org/#/locations?parameters=pm25&countries=MG&_k=zkep60
Mali,https://openaq.org/#/locations?parameters=pm25&countries=ML&_k=pi0267
Malta,https://openaq.org/#/locations?parameters=pm25&countries=MT&_k=b8m77k
Mexico,https://openaq.org/#/locations?parameters=pm25&countries=MX&_k=0kkcbe
Mongolia,https://openaq.org/#/locations?parameters=pm25&countries=MN&_k=yncqku
Myanmar,https://openaq.org/#/locations?parameters=pm25&countries=MM&_k=1uf3j1
Nepal,https://openaq.org/#/locations?parameters=pm25&countries=NP&_k=crgadl
Netherlands,https://openaq.org/#/locations?parameters=pm25&countries=NL&_k=3j1f1r
Nigeria,https://openaq.org/#/locations?parameters=pm25&countries=NG&_k=5kxpvt
Norway,https://openaq.org/#/locations?parameters=pm25&countries=NO&_k=zy3sti
Pakistan,https://openaq.org/#/locations?parameters=pm25&countries=PK&_k=qigrjz
Peru,https://openaq.org/#/locations?parameters=pm25&countries=PE&_k=91cr82
Philippines,https://openaq.org/#/locations?parameters=pm25&countries=PH&_k=z1lbm7
Poland,https://openaq.org/#/locations?parameters=pm25&countries=PL&_k=2mhtcz
Portugal,https://openaq.org/#/locations?parameters=pm25&countries=PT&_k=usunnj
Romania,https://openaq.org/#/locations?parameters=pm25&countries=RO&_k=qc2r80
Russian Federation,https://openaq.org/#/locations?parameters=pm25&countries=RU&_k=wz2j82
Saudi Arabia,https://openaq.org/#/locations?parameters=pm25&countries=SA&_k=52ayee
Serbia,https://openaq.org/#/locations?parameters=pm25&countries=RS&_k=vikt7u
Singapore,https://openaq.org/#/locations?parameters=pm25&countries=SG&_k=wtre56
Slovakia,https://openaq.org/#/locations?parameters=pm25&countries=SK&_k=eyamj0
Slovenia,https://openaq.org/#/locations?parameters=pm25&countries=SI&_k=4qn90l
South Africa,https://openaq.org/#/locations?parameters=pm25&countries=ZA&_k=qp7t78
Spain,https://openaq.org/#/locations?parameters=pm25&countries=ES&_k=02jswt
Sri Lanka,https://openaq.org/#/locations?parameters=pm25&countries=LK&_k=jqk2fm
Sweden,https://openaq.org/#/locations?parameters=pm25&countries=SE&_k=oij22k
Switzerland,https://openaq.org/#/locations?parameters=pm25&countries=CH&_k=xt75v3
Taiwan,https://openaq.org/#/locations?parameters=pm25&countries=TW&_k=ogez9t
Tajikistan,https://openaq.org/#/locations?parameters=pm25&countries=TJ&_k=5wuu7o
Thailand,https://openaq.org/#/locations?parameters=pm25&countries=TH&_k=me49kg
Turkey,https://openaq.org/#/locations?parameters=pm25&countries=TR&_k=z385tt
Turkmenistan,https://openaq.org/#/locations?parameters=pm25&countries=TM&_k=vp03bq
Uganda,https://openaq.org/#/locations?parameters=pm25&countries=UG&_k=3r15s8
United Arab Emirates,https://openaq.org/#/locations?parameters=pm25&countries=AE&_k=rpr19a
United Kingdom,https://openaq.org/#/locations?parameters=pm25&countries=GB&_k=9904yv
United States,https://openaq.org/#/locations?parameters=pm25&countries=US&_k=t3ojy8
Uzbekistan,https://openaq.org/#/locations?parameters=pm25&countries=UZ&_k=5ja3hd
Viet Nam,https://openaq.org/#/locations?parameters=pm25&countries=VN&_k=tpiret
